id;name;content;content_content_type
1;meh cantaloupe righteously;../fake-data/blob/hipster.png;image/png
2;glorious;../fake-data/blob/hipster.png;image/png
3;even even regularly;../fake-data/blob/hipster.png;image/png
4;consequently yuck reassuringly;../fake-data/blob/hipster.png;image/png
5;atop;../fake-data/blob/hipster.png;image/png
6;brandish bank colorful;../fake-data/blob/hipster.png;image/png
7;curiously airline;../fake-data/blob/hipster.png;image/png
8;shrilly boohoo;../fake-data/blob/hipster.png;image/png
9;allocation far-flung;../fake-data/blob/hipster.png;image/png
10;merrily deceivingly;../fake-data/blob/hipster.png;image/png
